Date,Open,High,Low,Close,Adj Close,Volume,CloseLong,CloseShort,OpenLong,OpenShort,HighLong,HighShort,LowLong,LowShort
03/02/2020,72.524002,72.905998,72.503998,72.531998,72.531998,0,66,34,67,33,67,34,66,33
04/02/2020,72.656143,73.662003,72.518997,72.658997,72.658997,0,70,30,66,34,74,35,65,26
05/02/2020,73.677002,74.323997,73.544998,73.667999,73.667999,0,67,33,68,32,71,36,64,29
06/02/2020,74.129997,74.367996,73.983002,74.120003,74.120003,0,63,37,67,33,69,38,62,31
07/02/2020,74.014999,74.017197,73.055,74.027,74.027,0,60,40,61,39,61,48,52,39
09/02/2020,#N/A,,,,,,59,41,60,40,60,41,59,40
10/02/2020,73.110001,73.660004,73.110001,73.151001,73.151001,0,60,40,58,42,63,42,58,37
11/02/2020,73.406082,73.987,73.338997,73.431,73.431,0,68,32,61,39,68,39,61,32
12/02/2020,73.796997,74.278,73.718002,73.791,73.791,0,68,32,68,32,71,33,67,29
13/02/2020,73.741997,74.066002,73.68,73.730003,73.730003,0,62,38,68,32,68,41,59,32
14/02/2020,73.772003,73.969002,73.660004,73.736,73.736,0,62,38,59,41,62,41,59,38
16/02/2020,#N/A,,,,,,63,37,62,38,63,38,62,37
17/02/2020,73.818001,73.943001,73.677002,73.837997,73.837997,0,62,38,62,38,63,39,61,37
18/02/2020,73.660004,73.672997,73.190002,73.68,73.68,0,56,44,62,38,62,45,55,38
19/02/2020,73.587997,74.253998,73.419998,73.550003,73.550003,0,64,36,58,42,65,44,56,35
20/02/2020,74.291,74.394997,73.802002,74.293999,74.293999,0,60,40,65,35,65,41,59,35
21/02/2020,74.031998,74.283997,73.452003,74.037003,74.037003,0,65,35,59,41,65,43,57,35
23/02/2020,#N/A,,,,,,65,35,65,35,66,35,65,34
24/02/2020,73.681,73.892998,73.073997,73.695999,73.695999,0,64,36,63,37,65,40,60,35
25/02/2020,73.290001,73.475998,72.613998,73.292,73.292,0,67,33,64,36,67,40,60,33
26/02/2020,72.828003,72.989998,72.344002,72.841003,72.841003,0,65,35,67,33,67,36,64,33
27/02/2020,72.264,72.519997,72.010002,72.248001,72.248001,0,70,30,65,35,70,38,62,30
28/02/2020,72.153999,72.164001,69.426003,72.153,72.153,0,81,19,69,31,81,31,69,19
01/03/2020,#N/A,,,,,,80,20,81,19,83,20,80,17
02/03/2020,70.197998,71.190002,69.853996,70.168999,70.168999,0,77,23,78,22,79,27,73,21
03/03/2020,70.975998,71.456001,70.309998,71.019997,71.019997,0,72,28,77,23,77,30,70,23
04/03/2020,70.501999,71.290001,70.501999,70.461998,70.461998,0,71,29,72,28,73,29,71,27
05/03/2020,71.32,71.321999,70.278999,71.350998,71.350998,0,70,30,72,28,72,33,67,28
06/03/2020,70.322998,70.408997,69.581001,70.278999,70.278999,0,75,25,71,29,75,32,68,25
08/03/2020,#N/A,,,,,,76,24,75,25,77,25,75,23
09/03/2020,68.757004,68.989998,64.435997,68.730003,68.730003,0,65,35,75,25,75,36,64,25
10/03/2020,68.041,68.976997,67.120003,68.016998,68.016998,0,66,34,67,33,68,38,62,32
11/03/2020,68.240997,68.752998,67.675003,68.245003,68.245003,0,63,37,63,37,66,39,61,34
12/03/2020,67.779999,67.810997,65.947998,67.727997,67.727997,0,70,30,62,38,73,40,60,27
13/03/2020,65.730003,67.712997,65.617996,65.619003,65.619003,0,74,26,67,33,74,36,64,26
15/03/2020,#N/A,,,,,,71,29,74,26,74,29,71,26
16/03/2020,65.827003,66.205002,64.064003,65.877998,65.877998,0,66,34,73,27,73,37,63,27
17/03/2020,64.855003,65.792999,63.951,64.75,64.75,0,69,31,66,34,71,35,65,29
18/03/2020,64.247002,64.611,62.999001,64.303001,64.303001,0,67,33,68,32,68,41,59,32
19/03/2020,62.772999,65.487999,59.195,62.917999,62.917999,0,60,40,69,31,70,43,57,30
20/03/2020,63.914001,65.487999,63.41,63.867001,63.867001,0,63,37,64,36,70,40,60,30
22/03/2020,#N/A,,,,,,53,47,63,37,63,47,53,37
23/03/2020,63.507,64.633003,62.912998,63.521,63.521,0,59,41,54,46,59,54,46,41
24/03/2020,65.126999,66.317001,64.982002,65.100998,65.100998,0,73,27,60,40,73,41,59,27
25/03/2020,66.293999,67.644997,65.926003,66.391998,66.391998,0,62,38,69,31,74,38,62,26
26/03/2020,65.424004,66.386002,64.896004,65.490997,65.490997,0,61,39,63,37,68,42,58,32
27/03/2020,66.283997,66.408997,65.495003,66.308998,66.308998,0,59,41,62,38,62,48,52,38
29/03/2020,#N/A,,,,,,57,43,59,41,60,44,56,40
30/03/2020,66.291,66.628998,65.749001,66.359001,66.359001,0,62,38,56,44,63,44,56,37
31/03/2020,66.587997,67.237999,65.869003,66.617996,66.617996,0,56,44,64,36,66,49,51,34
01/04/2020,65.963997,66.114998,64.876999,65.968002,65.968002,0,47,53,56,44,56,55,45,44
02/04/2020,65.305,65.617996,64.432999,65.329002,65.329002,0,48,52,48,52,49,56,44,51
03/04/2020,65.554001,65.577003,64.842003,65.466003,65.466003,0,50,50,47,53,51,57,43,49
05/04/2020,#N/A,,,,,,51,49,50,50,51,50,50,49
06/04/2020,65.152,66.588997,65.152,65.137001,65.137001,0,61,39,53,47,61,48,52,39
07/04/2020,66.731003,67.653,66.433998,66.746002,66.746002,0,54,46,63,37,63,46,54,37
08/04/2020,66.865997,67.803001,66.489998,66.82,66.82,0,62,38,52,48,62,48,52,38
09/04/2020,67.862,68.549004,67.505997,67.892998,67.892998,0,63,37,63,37,65,39,61,35
10/04/2020,68.702003,69.025002,68.467003,68.724998,68.724998,0,62,38,63,37,65,39,61,35
12/04/2020,#N/A,,,,,,59,41,62,38,62,41,59,38
13/04/2020,68.668999,68.781998,68.343002,68.619003,68.619003,0,52,48,59,41,59,48,52,41
14/04/2020,68.857002,69.252998,68.518997,68.867996,68.867996,0,53,47,52,48,58,50,50,42
15/04/2020,68.893997,68.935997,67.586998,68.910004,68.910004,0,37,63,52,48,52,63,37,48
16/04/2020,67.886002,68.052002,67.629997,67.888,67.888,0,48,52,37,63,48,63,37,52
17/04/2020,68.642998,68.731003,68.081001,68.633003,68.633003,0,47,53,48,52,48,56,44,52
19/04/2020,#N/A,,,,,,46,54,47,53,47,54,46,53
20/04/2020,68.264999,68.852997,68.259003,68.230003,68.230003,0,44,56,46,54,51,58,42,49
21/04/2020,68.328003,68.328003,67.295998,68.308998,68.308998,0,35,65,42,58,43,65,35,57
22/04/2020,67.839996,68.342003,67.690002,67.779999,67.779999,0,38,62,35,65,43,65,35,57
23/04/2020,67.894997,68.995003,67.790001,67.860001,67.860001,0,43,57,36,64,43,65,35,57
24/04/2020,68.654999,68.686996,68.220001,68.650002,68.650002,0,44,56,42,58,46,58,42,54
26/04/2020,#N/A,,,,,,43,57,44,56,44,57,43,56
27/04/2020,68.762169,69.330002,68.739998,68.757607,68.757607,0,49,51,43,57,50,57,43,50
28/04/2020,69.190002,69.478996,69.029999,69.178001,69.178001,0,52,48,50,50,54,53,47,46
29/04/2020,69.415001,69.754997,69.268997,69.410004,69.410004,0,53,47,53,47,54,50,50,46
30/04/2020,69.843002,70.108002,69.248001,69.873001,69.873001,0,47,53,52,48,53,54,46,47
01/05/2020,69.699997,69.699997,68.533997,69.675003,69.675003,0,45,55,45,55,47,58,42,53
03/05/2020,#N/A,,,,,,41,59,45,55,45,59,41,55
04/05/2020,68.084999,68.699997,67.980003,68.056999,68.056999,0,42,58,40,60,44,61,39,56
05/05/2020,68.566002,68.969002,68.529999,68.556999,68.556999,0,38,62,42,58,47,62,38,53
06/05/2020,68.466003,68.612999,67.959999,68.482002,68.482002,0,36,64,38,62,40,64,36,60
07/05/2020,67.960999,69.140999,67.907997,67.836998,67.836998,0,46,54,38,62,46,62,38,54
08/05/2020,69.184998,69.681,69.153999,69.162003,69.162003,0,43,57,49,51,49,58,42,51
10/05/2020,#N/A,,,,,,43,57,43,57,43,58,42,57
11/05/2020,69.853996,70.162003,69.396004,69.870003,69.870003,0,33,67,42,58,42,69,31,58
12/05/2020,69.774002,70.129997,69.129997,69.734001,69.734001,0,31,69,31,69,33,71,29,67
13/05/2020,69.194,69.736,69.043999,69.161003,69.161003,0,34,66,31,69,35,70,30,65
14/05/2020,68.964996,69.066002,68.550003,69.016998,69.016998,0,38,62,34,66,38,68,32,62
15/05/2020,69.463997,69.517998,68.689003,69.459999,69.459999,0,40,60,40,60,40,65,35,60
17/05/2020,#N/A,,,,,,39,61,39,61,39,62,38,61
18/05/2020,68.904999,69.948997,68.82,68.880997,68.880997,0,38,62,39,61,48,63,37,52
19/05/2020,70.042,70.893997,69.883003,70.055,70.055,0,41,59,43,57,47,62,38,53
20/05/2020,70.545998,71.018997,70.273003,70.5,70.5,0,40,60,43,57,45,61,39,55
21/05/2020,70.899002,71.072998,70.470001,70.926003,70.926003,0,35,65,38,62,40,65,35,60
22/05/2020,70.706001,70.790001,69.945999,70.660004,70.660004,0,40,60,36,64,40,67,33,60
24/05/2020,#N/A,,,,,,42,58,40,60,42,61,39,58
25/05/2020,70.537003,70.557999,70.199997,70.510002,70.510002,0,41,59,42,58,42,63,37,58
26/05/2020,70.518997,71.678001,70.484001,70.502998,70.502998,0,42,58,43,57,48,59,41,52
27/05/2020,71.433998,71.903999,70.835999,71.445,71.445,0,44,56,40,60,46,62,38,54
28/05/2020,71.365997,71.763,71.025002,71.362999,71.362999,0,40,60,47,53,47,61,39,53
29/05/2020,71.387001,71.626999,71.150002,71.402,71.402,0,37,63,41,59,42,63,37,58
31/05/2020,#N/A,,,,,,37,63,37,63,38,63,37,62
01/06/2020,71.721001,72.991997,71.704002,71.723999,71.723999,0,39,61,41,59,44,62,38,56
02/06/2020,72.998001,74.847,72.956001,72.960999,72.960999,0,43,57,41,59,48,62,38,52
03/06/2020,75.247002,75.761002,74.405998,75.231003,75.231003,0,40,60,45,55,48,65,35,52
04/06/2020,75.499001,76.190002,74.865997,75.503998,75.503998,0,39,61,36,64,41,65,35,59
05/06/2020,75.711998,76.713997,75.610001,75.746002,75.746002,0,37,63,38,62,45,63,37,55
07/06/2020,#N/A,,,,,,42,58,37,63,42,63,37,58
08/06/2020,76.608002,76.658997,75.681,76.764,76.764,0,35,65,42,58,42,70,30,58
09/06/2020,76.081001,76.259003,74.480003,76.129997,76.129997,0,25,75,33,67,33,75,25,67
10/06/2020,74.821999,75.402,74.719002,74.803001,74.803001,0,28,72,26,74,34,75,25,66
11/06/2020,74.559998,74.818001,73.416,74.542,74.542,0,25,75,28,72,29,78,22,71
12/06/2020,72.959999,74.292,72.536003,72.948997,72.948997,0,30,70,25,75,34,76,24,66
14/06/2020,#N/A,,,,,,31,69,30,70,31,70,30,69
15/06/2020,73.273003,73.783997,72.677002,73.232002,73.232002,0,45,55,30,70,45,71,29,55
16/06/2020,74.803001,75.030998,73.432999,74.778999,74.778999,0,38,62,45,55,47,63,37,53
17/06/2020,74.032997,74.282997,73.474998,74.057999,74.057999,0,38,62,39,61,45,62,38,55
18/06/2020,73.481003,73.873001,73.002998,73.495003,73.495003,0,40,60,36,64,40,66,34,60
19/06/2020,73.358002,73.815002,73.139,73.370003,73.370003,0,39,61,38,62,39,64,36,61
21/06/2020,#N/A,,,,,,38,62,39,61,39,62,38,61
22/06/2020,72.857002,73.834999,72.822998,72.878998,72.878998,0,46,54,38,62,46,65,35,54
23/06/2020,74.060997,74.407997,73.272003,74.098999,74.098999,0,44,56,46,54,49,60,40,51
24/06/2020,73.892998,74.157997,73.331001,73.867996,73.867996,0,40,60,45,55,46,60,40,54
25/06/2020,73.406998,73.862999,73.322998,73.388,73.388,0,43,57,40,60,44,61,39,56
26/06/2020,73.806999,73.880997,73.32,73.778999,73.778999,0,43,57,43,57,44,58,42,56
28/06/2020,#N/A,,,,,,43,57,43,57,43,57,43,57
29/06/2020,73.567001,73.975998,73.468002,73.558998,73.558998,0,47,53,43,57,47,58,42,53
30/06/2020,73.922997,74.490997,73.613998,73.934998,73.934998,0,47,53,47,53,49,56,44,51
01/07/2020,74.509003,74.677002,73.919998,74.515427,74.515427,0,46,54,48,52,48,56,44,52
02/07/2020,74.218002,74.693001,74.18,74.169998,74.169998,0,47,53,46,54,48,55,45,52
03/07/2020,74.394997,74.638,74.330002,74.376999,74.376999,0,43,57,47,53,48,57,43,52
05/07/2020,#N/A,,,,,,44,56,43,57,44,57,43,56
06/07/2020,74.741997,75.150002,74.736,74.739998,74.739998,0,44,56,45,55,45,58,42,55
07/07/2020,74.833,75.056,74.568001,74.888,74.888,0,42,58,43,57,45,60,40,55
08/07/2020,74.629997,74.943001,74.525002,74.676003,74.676003,0,41,59,42,58,42,62,38,58
09/07/2020,74.910004,75.049004,74.573997,74.919998,74.919998,0,42,58,42,58,43,59,41,57
10/07/2020,74.629997,74.629997,73.989998,74.620003,74.620003,0,37,63,39,61,40,63,37,60
12/07/2020,#N/A,,,,,,39,61,37,63,39,63,37,61
13/07/2020,74.275002,74.989998,74.190002,74.290001,74.290001,0,35,65,39,61,39,65,35,61
14/07/2020,74.422997,74.776001,74.257004,74.419998,74.419998,0,38,62,37,63,40,63,37,60
15/07/2020,74.938004,75.269997,74.794998,74.919998,74.919998,0,38,62,37,63,39,64,36,61
16/07/2020,74.888,75.096001,74.690002,74.911003,74.911003,0,37,63,38,62,38,64,36,62
17/07/2020,74.848,74.963997,74.760002,74.845001,74.845001,0,37,63,37,63,39,63,37,61
19/07/2020,#N/A,,,,,,36,64,37,63,37,64,36,63
20/07/2020,74.973999,75.158997,74.856003,74.992996,74.992996,0,37,63,37,63,38,64,36,62
21/07/2020,75.282997,76.074997,75.217003,75.281998,75.281998,0,38,62,38,62,43,64,36,57
22/07/2020,76.269997,76.847,76.056,76.231003,76.231003,0,30,70,37,63,38,70,30,62
23/07/2020,76.498001,76.697998,76.029999,76.500999,76.500999,0,27,73,31,69,32,74,26,68
24/07/2020,75.843002,75.890999,74.940002,75.857002,75.857002,0,37,63,27,73,37,74,26,63
26/07/2020,#N/A,,,,,,38,62,37,63,38,63,37,62
27/07/2020,75.199997,75.405693,75.007004,75.226997,75.226997,0,47,53,40,60,47,62,38,53
28/07/2020,75.362,75.575996,75.007004,75.357002,75.357002,0,46,54,48,52,52,54,46,48
29/07/2020,75.265999,75.494003,75.18,75.230003,75.230003,0,47,53,46,54,48,54,46,52
30/07/2020,75.328003,75.475998,74.834,75.329002,75.329002,0,39,61,48,52,48,65,35,52
31/07/2020,75.384003,75.917,75.026001,75.389999,75.389999,0,40,60,40,60,43,64,36,57
02/08/2020,#N/A,,,,,,39,61,40,60,40,61,39,60
03/08/2020,75.650002,75.778999,75.096001,75.651001,75.651001,0,39,61,41,59,42,61,39,58
04/08/2020,75.464996,75.775002,75.398003,75.459999,75.459999,0,39,61,39,61,42,61,39,58
05/08/2020,75.785004,76.403999,75.705002,75.791,75.791,0,44,56,40,60,47,60,40,53
06/08/2020,75.986,76.258003,75.650002,75.982002,75.982002,0,41,59,45,55,46,59,41,54
07/08/2020,76.311996,76.425003,75.821999,76.343002,76.343002,0,38,62,41,59,41,62,38,59
09/08/2020,#N/A,,,,,,37,63,38,62,38,63,37,62
10/08/2020,75.760002,76.004997,75.669998,75.747002,75.747002,0,40,60,37,63,44,63,37,56
11/08/2020,75.846001,76.327003,75.844002,75.824997,75.824997,0,37,63,41,59,42,63,37,58
12/08/2020,76.066002,76.700996,75.871002,76.109001,76.109001,0,38,62,38,62,41,64,36,59
13/08/2020,76.557999,76.692001,76.358002,76.531998,76.531998,0,37,63,38,62,41,65,35,59
14/08/2020,76.456001,76.497002,76.160004,76.476997,76.476997,0,39,61,37,63,39,66,34,61
16/08/2020,#N/A,,,,,,40,60,39,61,40,61,39,60
17/08/2020,76.634003,76.662003,76.330002,76.632004,76.632004,0,41,59,41,59,41,62,38,59
18/08/2020,76.462997,76.540001,76.129997,76.449997,76.449997,0,40,60,42,58,43,61,39,57
19/08/2020,76.321999,76.668999,76.199997,76.330002,76.330002,0,38,62,40,60,43,62,38,57
20/08/2020,76.213997,76.306999,75.614998,76.230003,76.230003,0,38,62,38,62,40,64,36,60
21/08/2020,76.138,76.268997,75.669998,76.139,76.139,0,36,64,39,61,39,66,34,61
23/08/2020,#N/A,,,,,,34,66,36,64,36,66,34,64
24/08/2020,75.824997,76.148003,75.721001,75.813004,75.813004,0,36,64,34,66,41,66,34,59
25/08/2020,75.974998,76.491997,75.869003,75.983002,75.983002,0,32,68,36,64,41,69,31,59
26/08/2020,76.602997,76.761002,76.429001,76.57,76.57,0,29,71,33,67,33,72,28,67
27/08/2020,76.688004,77.274002,76.620003,76.671997,76.671997,0,42,58,29,71,42,71,29,58
28/08/2020,77.533997,77.945999,77.098,77.514,77.514,0,46,54,44,56,47,58,42,53
30/08/2020,#N/A,,,,,,47,53,46,54,47,54,46,53
31/08/2020,77.765999,78.439003,77.417999,77.769997,77.769997,0,46,54,47,53,49,55,45,51
01/09/2020,78.230003,78.353996,77.995003,78.199997,78.199997,0,44,56,47,53,47,57,43,53
02/09/2020,78.088997,78.161003,77.552002,78.127998,78.127998,0,39,61,44,56,44,63,37,56
03/09/2020,77.793999,77.896004,77.116997,77.847,77.847,0,35,65,39,61,40,65,35,60
04/09/2020,77.007004,77.461998,76.801003,76.938004,76.938004,0,39,61,35,65,41,65,35,59
06/09/2020,#N/A,,,,,,40,60,39,61,40,61,39,60
07/09/2020,77.380997,77.596001,77.239998,77.410782,77.410782,0,41,59,41,59,45,61,39,55
08/09/2020,77.385002,77.626999,76.498001,77.389,77.389,0,42,58,41,59,46,59,41,54
09/09/2020,76.391998,77.331001,76.264999,76.396004,76.396004,0,45,55,42,58,50,58,42,50
10/09/2020,77.300003,77.725998,77.040001,77.299004,77.299004,0,45,55,46,54,48,61,39,52
11/09/2020,77.099998,77.571999,77.043999,77.07,77.07,0,43,57,45,55,51,58,42,49
13/09/2020,#N/A,,,,,,44,56,43,57,44,57,43,56
14/09/2020,77.291,77.316002,76.940002,77.269997,77.269997,0,45,55,44,56,46,59,41,54
15/09/2020,76.970001,77.500999,76.800003,77.005997,77.005997,0,46,54,44,56,48,59,41,52
16/09/2020,76.873001,77.174004,76.744003,76.890999,76.890999,0,46,54,44,56,50,56,44,50
17/09/2020,76.646004,76.757004,76.124001,76.648003,76.648003,0,49,51,46,54,49,56,44,51
18/09/2020,76.603996,76.844002,75.987999,76.550003,76.550003,0,40,60,49,51,49,62,38,51
20/09/2020,#N/A,,,,,,40,60,40,60,41,60,40,59
21/09/2020,76.244003,76.386002,75.271004,76.209999,76.209999,0,39,61,40,60,42,63,37,58
22/09/2020,75.693001,75.761002,75.110001,75.681,75.681,0,40,60,39,61,40,66,34,60
23/09/2020,75.374001,75.374001,74.624001,75.350998,75.350998,0,39,61,40,60,40,65,35,60
24/09/2020,74.450996,74.607002,73.974998,74.429001,74.429001,0,48,52,39,61,48,62,38,52
25/09/2020,74.360001,74.625,74.028,74.363998,74.363998,0,50,50,49,51,50,54,46,50
27/09/2020,#N/A,,,,,,51,49,50,50,51,50,50,49
28/09/2020,74.32,74.601997,74.120003,74.317001,74.317001,0,58,42,52,48,58,48,52,42
29/09/2020,74.790001,75.375999,74.614998,74.800003,74.800003,0,55,45,59,41,59,48,52,41
30/09/2020,75.502998,75.668999,74.874001,75.477997,75.477997,0,53,47,54,46,54,54,46,46
01/10/2020,75.567001,76.042999,75.459999,75.560997,75.560997,0,46,54,53,47,53,55,45,47
02/10/2020,75.802002,75.833,74.935997,75.785004,75.785004,0,40,60,45,55,45,60,40,55
04/10/2020,#N/A,,,,,,40,60,40,60,40,60,40,60
05/10/2020,75.706001,75.977997,75.640999,75.690002,75.690002,0,39,61,42,58,43,62,38,57
06/10/2020,76.023003,76.153999,75.470001,76.010002,76.010002,0,37,63,40,60,41,64,36,59
07/10/2020,75.111,75.746002,74.996002,75.103996,75.103996,0,33,67,37,63,38,67,33,62
08/10/2020,75.615997,75.974998,75.518997,75.602997,75.602997,0,31,69,33,67,38,70,30,62
09/10/2020,76.077003,76.518997,75.934998,76.059998,76.059998,0,31,69,31,69,34,70,30,66
11/10/2020,#N/A,,,,,,32,68,31,69,32,69,31,68
12/10/2020,76.290001,76.363998,75.862,76.308998,76.308998,0,32,68,30,70,33,70,30,67
13/10/2020,75.941002,75.943001,75.459,75.943001,75.943001,0,35,65,34,66,39,66,34,61
14/10/2020,75.561996,75.718002,75.290001,75.550003,75.550003,0,36,64,36,64,36,67,33,64
15/10/2020,75.089996,75.238998,74.25,75.071999,75.071999,0,45,55,37,63,47,63,37,53
16/10/2020,74.663002,74.728996,74.370003,74.672997,74.672997,0,46,54,44,56,46,58,42,54
18/10/2020,#N/A,,,,,,47,53,46,54,47,54,46,53
19/10/2020,74.785004,74.933998,74.669998,74.779999,74.779999,0,45,55,49,51,50,55,45,50
20/10/2020,74.387001,74.521004,74.190002,74.370003,74.370003,0,51,49,45,55,52,56,44,48
21/10/2020,74.362,74.599998,74.209999,74.356003,74.356003,0,55,45,51,49,55,50,50,45
22/10/2020,74.338997,74.589996,74.18,74.373001,74.373001,0,60,40,54,46,60,48,52,40
23/10/2020,74.764999,74.917999,74.360001,74.764,74.764,0,55,45,59,41,59,46,54,41
25/10/2020,#N/A,,,,,,55,45,55,45,55,45,55,45
26/10/2020,74.663002,74.924004,74.508003,74.636002,74.636002,0,53,47,55,45,55,48,52,45
27/10/2020,74.613998,74.774002,74.463997,74.607002,74.607002,0,49,51,53,47,54,52,48,46
28/10/2020,74.438004,74.621002,73.394997,74.467003,74.467003,0,47,53,49,51,50,55,45,50
29/10/2020,73.597,73.845001,73.139999,73.592003,73.592003,0,48,52,48,52,49,58,42,51
30/10/2020,73.567001,73.905998,73.150002,73.580002,73.580002,0,48,52,48,52,51,54,46,49
01/11/2020,#N/A,,,,,,48,52,48,52,48,52,48,52
02/11/2020,73.318001,73.931999,73.272003,73.279999,73.279999,0,47,53,48,52,51,54,46,49
03/11/2020,73.830002,74.999001,73.589996,73.869003,73.869003,0,45,55,48,52,49,58,42,51
04/11/2020,75.210999,75.388,74.089996,75.235001,75.235001,0,44,56,44,56,49,58,42,51
05/11/2020,74.929001,75.400002,74.577003,74.989998,74.989998,0,41,59,45,55,47,60,40,53
06/11/2020,75.226997,75.356003,74.917,75.237,75.237,0,38,62,41,59,41,63,37,59
08/11/2020,#N/A,,,,,,38,62,38,62,38,62,38,62
09/11/2020,75.244003,77.008003,75.093002,75.226997,75.226997,0,33,67,39,61,46,68,32,54
10/11/2020,76.528999,76.814003,76.259003,76.528,76.528,0,36,64,33,67,40,67,33,60
11/11/2020,76.668999,77.078003,76.5,76.643997,76.643997,0,36,64,36,64,40,64,36,60
12/11/2020,76.778,76.816002,76.306,76.777,76.777,0,29,71,36,64,36,72,28,64
13/11/2020,76.087997,76.292,75.75,76.084,76.084,0,34,66,28,72,34,72,28,66
15/11/2020,#N/A,,,,,,36,64,34,66,36,66,34,64
16/11/2020,76.265999,76.755997,76.100998,76.306,76.306,0,40,60,37,63,41,63,37,59
17/11/2020,76.484001,76.556999,75.917,76.513,76.513,0,39,61,41,59,41,65,35,59
18/11/2020,75.959999,76.142998,75.703003,76.005997,76.005997,0,40,60,38,62,43,62,38,57
19/11/2020,75.800003,75.830002,75.43,75.855003,75.855003,0,42,58,39,61,42,67,33,58
20/11/2020,75.463997,75.962997,75.449997,75.471001,75.471001,0,41,59,42,58,46,59,41,54
22/11/2020,#N/A,,,,,,41,59,41,59,41,60,40,59
23/11/2020,75.914001,76.136002,75.818001,75.936996,75.936996,0,45,55,42,58,47,58,42,53
24/11/2020,76.275002,76.929001,76.273003,76.259972,76.259972,0,42,58,47,53,47,61,39,53
25/11/2020,76.971001,77.042,76.457001,76.989998,76.989998,0,34,66,44,56,44,66,34,56
26/11/2020,76.849998,76.912003,76.661003,76.875999,76.875999,0,29,71,34,66,34,71,29,66
27/11/2020,76.694,76.947998,76.505997,76.686996,76.686996,0,32,68,29,71,33,71,29,67
29/11/2020,#N/A,,,,,,35,65,32,68,35,68,32,65
30/11/2020,77.037003,77.037003,76.681,77.018082,77.018082,0,36,64,34,66,36,68,32,64
01/12/2020,76.771004,76.974998,76.637001,76.731003,76.731003,0,35,65,36,64,38,66,34,62
02/12/2020,76.958,77.317001,76.857002,76.984001,76.984001,0,43,57,36,64,45,64,36,55
03/12/2020,77.440002,77.556,77.169998,77.447998,77.447998,0,43,57,42,58,46,59,41,54
04/12/2020,77.233002,77.497002,77.084999,77.226997,77.226997,0,42,58,44,56,45,58,42,55
06/12/2020,#N/A,,,,,,43,57,42,58,43,58,42,57
07/12/2020,77.420998,77.482002,76.908997,77.431999,77.431999,0,34,66,42,58,43,66,34,57
08/12/2020,77.128998,77.359001,77.068001,77.143997,77.143997,0,35,65,35,65,36,66,34,64
09/12/2020,77.156998,77.939003,77.143997,77.148003,77.148003,0,36,64,35,65,38,68,32,62
10/12/2020,77.533997,78.512001,77.533997,77.503998,77.503998,0,29,71,38,62,39,72,28,61
11/12/2020,78.366997,78.741364,78.199997,78.377998,78.377998,0,29,71,29,71,31,72,28,69
13/12/2020,#N/A,,,,,,30,70,29,71,30,71,29,70
14/12/2020,78.484001,78.698997,78.294998,78.474998,78.474998,0,31,69,30,70,33,70,30,67
15/12/2020,78.372002,78.537003,78.155998,78.386002,78.386002,0,32,68,31,69,32,71,29,68
16/12/2020,78.32,78.366997,78.111031,78.296997,78.296997,0,38,62,33,67,38,68,32,62
17/12/2020,78.329002,78.815002,78.289001,78.327003,78.327003,0,40,60,37,63,40,64,36,60
18/12/2020,78.532997,78.815002,78.435997,78.540001,78.540001,0,37,63,42,58,42,63,37,58
20/12/2020,#N/A,,,,,,37,63,37,63,37,64,36,63
21/12/2020,78.5,78.567001,77.495003,78.488998,78.488998,0,31,69,36,64,36,72,28,64
22/12/2020,78.278999,78.355003,77.849998,78.278,78.278,0,33,67,30,70,33,72,28,67
23/12/2020,78.151001,78.578003,77.967003,78.167999,78.167999,0,27,73,33,67,34,74,26,66
24/12/2020,78.470001,78.842003,78.463997,78.480003,78.480003,0,24,76,27,73,28,76,24,72
25/12/2020,78.516998,78.771004,77.716003,78.709999,78.709999,0,24,76,24,76,24,76,24,76
27/12/2020,#N/A,,,,,,24,76,24,76,24,76,24,76
28/12/2020,78.804001,78.885002,78.488998,78.794998,78.794998,0,26,74,25,75,26,76,24,74
29/12/2020,78.679001,78.949997,78.679001,78.678001,78.678001,0,27,73,26,74,30,74,26,70
30/12/2020,78.779999,79.389999,78.748001,78.805,78.805,0,30,70,27,73,31,73,27,69
31/12/2020,79.290001,79.785004,79.28038,79.285004,79.285004,0,29,71,31,69,31,71,29,69
01/01/2021,73.273003,81.41449,73.273003,78.377998,78.377998,0,29,71,29,71,29,71,29,71
03/01/2021,#N/A,,,,,,31,69,29,71,31,71,29,69
04/01/2021,79.602997,79.602997,78.998001,79.607002,79.607002,0,36,64,30,70,36,70,30,64
05/01/2021,79.100998,79.625999,79.055,79.073997,79.073997,0,30,70,35,65,38,71,29,62
06/01/2021,79.719002,80.421997,79.531998,79.719002,79.719002,0,33,67,30,70,36,70,30,64
07/01/2021,80.516998,80.556999,80.150002,80.510002,80.510002,0,35,65,33,67,35,70,30,65
08/01/2021,80.623001,80.912003,80.489998,80.635002,80.635002,0,32,68,35,65,36,68,32,64
10/01/2021,#N/A,,,,,,32,68,32,68,33,68,32,67
11/01/2021,80.372002,80.438538,80.001999,80.309998,80.309998,0,38,62,33,67,40,67,33,60
12/01/2021,80.266998,80.601997,80.181,80.257004,80.257004,0,40,60,38,62,44,62,38,56
13/01/2021,80.660004,80.677002,80.277,80.666,80.666,0,40,60,41,59,41,64,36,59
14/01/2021,80.434998,80.795258,80.400002,80.427002,80.427002,0,39,61,41,59,44,62,38,56
15/01/2021,80.734001,80.783997,79.734001,80.699997,80.699997,0,37,63,39,61,43,63,37,57
17/01/2021,#N/A,,,,,,38,62,37,63,38,63,37,62
18/01/2021,79.848,79.892998,79.510002,79.882004,79.882004,0,38,62,38,62,39,64,36,61
19/01/2021,79.690002,80.296997,79.690002,79.691002,79.691002,0,35,65,41,59,41,68,32,59
20/01/2021,80.127998,80.342003,79.983002,80.123001,80.123001,0,39,61,37,63,40,63,37,60
21/01/2021,80.291,80.509003,80.247002,80.306999,80.306999,0,40,60,40,60,44,61,39,56
22/01/2021,80.309998,80.440002,79.900002,80.322998,80.322998,0,38,62,41,59,41,64,36,59
24/01/2021,#N/A,,,,,,38,62,38,62,38,62,38,62
25/01/2021,80.066002,80.334,79.769997,80.069,80.069,0,36,64,39,61,42,64,36,58
26/01/2021,80.028999,80.334,79.612,80.059998,80.059998,0,36,64,36,64,37,66,34,63
27/01/2021,80.323997,80.406998,79.68,80.309998,80.309998,0,40,60,38,62,41,63,37,59
28/01/2021,79.68,80.073997,79.18,79.660004,79.660004,0,33,67,40,60,43,67,33,57
29/01/2021,80.019997,80.639999,79.806999,79.985001,79.985001,0,31,69,33,67,33,70,30,67
31/01/2021,#N/A,,,,,,32,68,31,69,32,70,30,68
01/02/2021,79.791,80.203003,79.790001,79.759003,79.759003,0,35,65,32,68,36,68,32,64
02/02/2021,80.047997,80.352997,79.564003,80.070999,80.070999,0,36,64,35,65,37,65,35,63
03/02/2021,79.903,80.114998,79.829002,79.903,79.903,0,38,62,37,63,38,66,34,62
04/02/2021,80.168999,80.325996,80.051003,80.149002,80.149002,0,33,67,38,62,39,67,33,61
05/02/2021,80.234001,80.767998,80.029999,80.245003,80.245003,0,25,75,33,67,36,75,25,64
07/02/2021,#N/A,,,,,,26,74,25,75,26,75,25,74
08/02/2021,80.921997,81.171997,80.833,80.925003,80.925003,0,32,68,27,73,32,74,26,68
09/02/2021,81.079002,81.153,80.649002,81.097,81.097,0,32,68,32,68,33,72,28,67
10/02/2021,80.948997,81.085999,80.829002,80.952003,80.952003,0,30,70,32,68,34,71,29,66
11/02/2021,80.806,81.362,80.660004,80.789001,80.789001,0,36,64,29,71,37,71,29,63
12/02/2021,81.196999,81.475998,81.07,81.181999,81.181999,0,37,63,37,63,39,63,37,61
14/02/2021,#N/A,,,,,,38,62,37,63,38,63,37,62
15/02/2021,81.556,82.058998,81.510002,81.563004,81.563004,0,39,61,39,61,40,63,37,60
16/02/2021,82.038002,82.402,81.886002,82.054001,82.054001,0,38,62,39,61,41,63,37,59
17/02/2021,82.096001,82.271004,81.780998,82.106003,82.106003,0,37,63,38,62,38,67,33,62
18/02/2021,82.114998,82.292,81.832001,82.128998,82.128998,0,35,65,37,63,41,65,35,59
19/02/2021,82.078003,83.146004,81.995003,82.059998,82.059998,0,31,69,36,64,37,69,31,63
21/02/2021,#N/A,,,,,,33,67,31,69,33,69,31,67
22/02/2021,83.191002,83.416,82.998001,83.224998,83.224998,0,36,64,35,65,38,67,33,62
23/02/2021,83.099998,83.291,82.944,83.093697,83.093697,0,35,65,36,64,38,67,33,62
24/02/2021,83.269997,84.045998,83.25,83.265213,83.265213,0,37,63,37,63,40,65,35,60
25/02/2021,84.487,84.945,84.32,84.408218,84.408218,0,34,66,38,62,43,69,31,57
26/02/2021,83.676003,83.714996,82.238998,83.696999,83.696999,0,37,63,30,70,39,70,30,61
28/02/2021,#N/A,,,,,,43,57,37,63,43,63,37,57
01/03/2021,82.542999,83.026001,82.410004,82.556,82.556,0,48,52,43,57,50,57,43,50
02/03/2021,83.044998,83.496002,82.636002,83.038002,83.038002,0,51,49,48,52,51,59,41,49
03/03/2021,83.518997,83.737,83.171997,83.533997,83.533997,0,45,55,52,48,53,55,45,47
04/03/2021,83.013,84.000999,83.013,83.049004,83.049004,0,42,58,45,55,48,58,42,52
05/03/2021,83.300003,83.577003,82.786003,83.286003,83.286003,0,40,60,41,59,42,63,37,58
07/03/2021,#N/A,,,,,,44,56,40,60,44,60,40,56
08/03/2021,83.533997,83.610001,82.928001,83.57,83.57,0,41,59,45,55,46,60,40,54
09/03/2021,83.398003,83.902,83.177002,83.403,83.403,0,51,49,42,58,51,58,42,49
10/03/2021,83.750999,83.891998,83.486,83.766998,83.766998,0,51,49,51,49,53,49,51,47
11/03/2021,83.833,84.527,83.794998,83.822998,83.822998,0,45,55,51,49,52,55,45,48
12/03/2021,84.522003,84.775002,84.209999,84.533997,84.533997,0,40,60,46,54,48,60,40,52
14/03/2021,#N/A,,,,,,41,59,40,60,41,60,40,59
15/03/2021,84.698997,84.724998,84.115997,84.69223,84.69223,0,39,61,43,57,43,63,37,57
16/03/2021,84.558998,84.655998,84.217003,84.558456,84.558456,0,35,65,39,61,39,65,35,61
17/03/2021,84.446999,84.452003,84.168999,84.443001,84.443001,0,36,64,35,65,37,66,34,63
18/03/2021,85.080002,85.443001,84.759003,85.073997,85.073997,0,40,60,38,62,43,62,38,57
19/03/2021,84.447998,84.538002,84.123001,84.460999,84.460999,0,41,59,40,60,43,61,39,57
21/03/2021,#N/A,,,,,,39,61,41,59,41,63,37,59
22/03/2021,84.088997,84.286003,83.842003,84.070999,84.070999,0,40,60,41,59,41,63,37,59
23/03/2021,84.248001,84.255997,82.998001,84.245003,84.245003,0,39,61,41,59,41,64,36,59
24/03/2021,82.569,83.031998,82.293999,82.518997,82.518997,0,42,58,39,61,45,63,37,55
25/03/2021,82.57,83.060997,82.556999,82.570999,82.570999,0,47,53,43,57,47,58,42,53
26/03/2021,82.891998,83.801003,82.843002,82.906998,82.906998,0,37,63,47,53,49,63,37,51
28/03/2021,#N/A,,,,,,38,62,37,63,38,63,37,62
29/03/2021,83.82,83.922997,83.341003,83.830002,83.830002,0,38,62,40,60,40,64,36,60
30/03/2021,83.898003,84.272003,83.789001,83.902374,83.902374,0,37,63,39,61,42,64,36,58
31/03/2021,83.901001,84.473,83.883003,83.921997,83.921997,0,40,60,38,62,41,63,37,59
01/04/2021,84.092003,84.155998,83.436996,84.084,84.084,0,37,63,40,60,40,66,34,60
02/04/2021,84.259003,84.472,84.019997,84.247002,84.247002,0,34,66,37,63,37,67,33,63
04/04/2021,#N/A,,,,,,34,66,34,66,34,66,34,66
05/04/2021,84.307999,84.375999,84.082001,84.321999,84.321999,0,38,62,34,66,38,66,34,62
06/04/2021,84.376999,84.448997,83.806,84.377998,84.377998,0,35,65,39,61,39,65,35,61
07/04/2021,84.162003,84.233002,83.57,84.169998,84.169998,0,35,65,36,64,37,67,33,63
08/04/2021,83.628998,83.773003,83.300003,83.635002,83.635002,0,36,64,35,65,37,66,34,63
09/04/2021,83.696999,83.777,83.029999,83.706001,83.706001,0,37,63,37,63,38,65,35,62
11/04/2021,#N/A,,,,,,38,62,37,63,38,63,37,62
12/04/2021,83.615997,83.615997,83.168999,83.635002,83.635002,0,35,65,37,63,38,67,33,62
13/04/2021,83.418999,83.455002,83.044998,83.424004,83.424004,0,37,63,35,65,37,66,34,63
14/04/2021,83.277,84.242996,83.089996,83.292999,83.292999,0,39,61,36,64,43,64,36,57
15/04/2021,84.099998,84.400002,83.883003,84.117996,84.117996,0,39,61,39,61,40,63,37,60
16/04/2021,84.231003,84.372002,84.080002,84.246002,84.246002,0,37,63,39,61,39,63,37,61
18/04/2021,#N/A,,,,,,37,63,37,63,37,64,36,63
19/04/2021,83.841003,84.139999,83.760002,83.856003,83.856003,0,37,63,36,64,38,65,35,62
20/04/2021,83.940002,84.709999,83.510002,83.919998,83.919998,0,38,62,38,62,39,66,34,61
21/04/2021,83.487,83.918999,83.209999,83.502998,83.502998,0,34,66,38,62,40,66,34,60
22/04/2021,83.739998,83.852997,83.302002,83.777,83.777,0,35,65,34,66,36,66,34,64
23/04/2021,83.190002,83.607002,83.084,83.170998,83.170998,0,37,63,35,65,39,65,35,61
25/04/2021,#N/A,,,,,,37,63,37,63,37,64,36,63
26/04/2021,83.523003,84.478996,83.514999,83.522003,83.522003,0,33,67,36,64,40,68,32,60
27/04/2021,84.336998,84.414001,84.098999,84.363998,84.363998,0,33,67,34,66,35,70,30,65
28/04/2021,84.445,84.588997,84.151001,84.473,84.473,0,34,66,34,66,34,69,31,66
29/04/2021,84.647003,85.002998,84.507004,84.646004,84.646004,0,33,67,34,66,37,67,33,63
30/04/2021,84.699997,84.842003,84.190002,84.695999,84.695999,0,30,70,34,66,34,70,30,66
02/05/2021,#N/A,,,,,,30,70,30,70,30,70,30,70
03/05/2021,84.352997,84.746002,84.352997,84.339996,84.339996,0,35,65,31,69,37,69,31,63
04/05/2021,84.633003,84.694,83.946999,84.632004,84.632004,0,32,68,35,65,37,70,30,63
05/05/2021,84.314003,84.683998,84.307999,84.328003,84.328003,0,35,65,32,68,36,69,31,64
06/05/2021,84.648003,84.827003,84.246002,84.654999,84.654999,0,36,64,36,64,36,68,32,64
07/05/2021,84.879997,85.303001,84.709999,84.915001,84.915001,0,33,67,36,64,37,67,33,63
09/05/2021,#N/A,,,,,,32,68,33,67,33,68,32,67
10/05/2021,85.304001,85.796997,85.291,85.314003,85.314003,0,35,65,33,67,37,67,33,63
11/05/2021,85.343002,85.431,84.828003,85.334999,85.334999,0,33,67,36,64,37,70,30,63
12/05/2021,85.224998,85.253998,84.68,85.206001,85.206001,0,39,61,34,66,39,68,32,61
13/05/2021,84.819,84.822998,84.303001,84.793999,84.793999,0,37,63,39,61,39,64,36,61
14/05/2021,84.603996,85.058998,84.530998,84.586998,84.586998,0,40,60,37,63,42,63,37,58
16/05/2021,#N/A,,,,,,40,60,40,60,40,61,39,60
17/05/2021,85.07,85.082001,84.459,85.089996,85.089996,0,42,58,40,60,43,60,40,57
18/05/2021,84.910004,85.139,84.769997,84.900002,84.900002,0,41,59,44,56,45,61,39,55
19/05/2021,84.754997,84.946999,84.057999,84.781998,84.781998,0,40,60,39,61,41,65,35,59
20/05/2021,84.349998,84.636002,84.264999,84.356003,84.356003,0,36,64,39,61,39,65,35,61
21/05/2021,84.559998,84.650002,84.099998,84.574997,84.574997,0,39,61,37,63,39,65,35,61
23/05/2021,#N/A,,,,,,38,62,39,61,39,62,38,61
24/05/2021,84.130997,84.319,83.987,84.169998,84.169998,0,42,58,39,61,43,62,38,57
25/05/2021,84.346001,84.637001,84.239998,84.365997,84.365997,0,38,62,43,57,44,63,37,56
26/05/2021,84.336998,84.796997,84.296997,84.313004,84.313004,0,47,53,38,62,47,62,38,53
27/05/2021,84.480003,85.056,84.32,84.492996,84.492996,0,40,60,47,53,48,60,40,52
28/05/2021,85.031998,85.149002,84.552002,85.017998,85.017998,0,41,59,40,60,42,62,38,58
30/05/2021,#N/A,,,,,,42,58,41,59,42,59,41,58
31/05/2021,84.728996,84.904999,84.605003,84.711998,84.711998,0,46,54,42,58,47,58,42,53
01/06/2021,84.771004,85.040001,84.669998,84.783997,84.783997,0,45,55,46,54,47,55,45,53
02/06/2021,84.917999,85.164001,84.739998,84.921997,84.921997,0,43,57,45,55,45,58,42,55
03/06/2021,84.860001,84.985001,84.375999,84.872002,84.872002,0,47,53,43,57,47,59,41,53
04/06/2021,84.5,84.780998,84.153,84.480003,84.480003,0,42,58,47,53,49,58,42,51
06/06/2021,#N/A,,,,,,42,58,42,58,42,58,42,58
07/06/2021,84.833,84.877998,84.639999,84.850998,84.850998,0,39,61,42,58,43,61,39,57
08/06/2021,84.757004,84.848,84.629997,84.754997,84.754997,0,40,60,40,60,42,60,40,58
09/06/2021,84.695999,84.832001,84.640999,84.695999,84.695999,0,38,62,40,60,40,63,37,60
10/06/2021,84.731003,84.998001,84.620003,84.722,84.722,0,40,60,39,61,41,62,38,59
11/06/2021,84.749001,85.043999,84.410004,84.766998,84.766998,0,42,58,40,60,42,62,38,58
13/06/2021,#N/A,,,,,,42,58,42,58,42,59,41,58
14/06/2021,84.580002,84.932999,84.459999,84.550003,84.550003,0,36,64,43,57,44,64,36,56
15/06/2021,84.855003,84.926003,84.514999,84.860001,84.860001,0,42,58,36,64,42,64,36,58
16/06/2021,84.601997,84.752998,84.589996,84.605003,84.605003,0,43,57,43,57,44,59,41,56
17/06/2021,84.318001,84.524002,83.301003,84.343002,84.343002,0,46,54,43,57,46,60,40,54
18/06/2021,83.348,83.375,82.473,83.370003,83.370003,0,44,56,45,55,47,57,43,53
20/06/2021,#N/A,,,,,,46,54,44,56,46,56,44,54
21/06/2021,82.653999,83.029999,82.139,82.663002,82.663002,0,47,53,48,52,51,53,47,49
22/06/2021,83.147003,83.388,82.769997,83.129997,83.129997,0,44,56,47,53,49,58,42,51
23/06/2021,83.622002,84.129997,83.510002,83.593002,83.593002,0,36,64,44,56,44,64,36,56
24/06/2021,84.065002,84.149002,83.870003,84.070999,84.070999,0,31,69,37,63,37,70,30,63
25/06/2021,84.081001,84.227997,84.019997,84.097,84.097,0,30,70,32,68,33,70,30,67
27/06/2021,#N/A,,,,,,30,70,30,70,30,71,29,70
28/06/2021,84.156998,84.156998,83.657997,84.120003,84.120003,0,28,72,30,70,31,74,26,69
29/06/2021,83.704002,83.704002,83.011002,83.703003,83.703003,0,35,65,28,72,35,73,27,65
30/06/2021,83.038002,83.342003,82.818001,83.049004,83.049004,0,36,64,35,65,38,66,34,62
01/07/2021,83.286003,83.639999,83.087997,83.317001,83.317001,0,34,66,36,64,38,67,33,62
02/07/2021,83.319,83.460999,83.040001,83.292,83.292,0,33,67,34,66,36,67,33,64
04/07/2021,#N/A,,,,,,35,65,33,67,35,67,33,65
05/07/2021,83.530998,83.566002,83.428001,83.551003,83.551003,0,36,64,35,65,36,68,32,64
06/07/2021,83.620003,84.185997,82.827003,83.637001,83.637001,0,42,58,36,64,43,66,34,57
07/07/2021,82.830002,83.329002,82.653,82.891998,82.891998,0,38,62,41,59,43,63,37,57
08/07/2021,82.778999,82.778999,81.343002,82.790001,82.790001,0,50,50,38,62,50,62,38,50
09/07/2021,81.610001,82.473999,81.353996,81.613998,81.613998,0,42,58,51,49,54,58,42,46
11/07/2021,#N/A,,,,,,41,59,42,58,42,60,40,58
12/07/2021,82.536003,82.668999,82.030998,82.540001,82.540001,0,44,56,42,58,44,64,36,56
13/07/2021,82.519997,82.808998,82.091003,82.496002,82.496002,0,39,61,45,55,46,61,39,54
14/07/2021,82.258003,82.524002,82.137001,82.277,82.277,0,42,58,40,60,43,60,40,57
15/07/2021,82.279999,82.279999,81.711998,82.264999,82.264999,0,44,56,42,58,44,62,38,56
16/07/2021,81.485001,81.934998,81.467003,81.487,81.487,0,46,54,44,56,47,56,44,53
18/07/2021,#N/A,,,,,,46,54,46,54,47,54,46,53
19/07/2021,81.186996,81.242996,80,81.150002,81.150002,0,53,47,44,56,53,56,44,47
20/07/2021,80.362,80.583,79.849998,80.389999,80.389999,0,53,47,53,47,53,49,51,47
21/07/2021,80.660004,81.125999,80.089996,80.665001,80.665001,0,49,51,55,45,55,51,49,45
22/07/2021,81.045998,81.468002,80.839996,81.054001,81.054001,0,46,54,50,50,51,55,45,49
23/07/2021,81.297997,81.652,81.184998,81.286003,81.286003,0,42,58,46,54,46,60,40,54
25/07/2021,#N/A,,,,,,42,58,42,58,42,59,41,58
26/07/2021,81.425003,81.499001,80.789001,81.440002,81.440002,0,38,62,41,59,41,65,35,59
27/07/2021,81.449997,81.476997,80.730003,81.470001,81.470001,0,39,61,39,61,39,65,35,61
28/07/2021,80.888,81.033997,80.637001,80.879997,80.879997,0,38,62,39,61,39,64,36,61
29/07/2021,81.060997,81.351997,80.758003,81.060997,81.060997,0,42,58,38,62,43,62,38,57
30/07/2021,80.901001,81.074997,80.606003,80.917,80.917,0,45,55,41,59,45,61,39,55
01/08/2021,#N/A,,,,,,45,55,45,55,45,55,45,55
02/08/2021,80.529999,80.75,80.383003,80.542999,80.542999,0,45,55,44,56,46,57,43,54
03/08/2021,80.445999,80.892998,80.172997,80.428001,80.428001,0,48,52,45,55,48,56,44,52
04/08/2021,80.606003,81.026001,80.519997,80.615997,80.615997,0,49,51,47,53,50,54,46,50
05/08/2021,80.860001,81.346001,80.830002,80.852997,80.852997,0,49,51,50,50,52,51,49,48
06/08/2021,81.237,81.386002,80.973999,81.249001,81.249001,0,45,55,49,51,49,55,45,51
08/08/2021,#N/A,,,,,,41,59,45,55,45,59,41,55
09/08/2021,80.870003,81.083,80.830002,80.871002,80.871002,0,42,58,41,59,43,60,40,57
10/08/2021,80.862999,81.304001,80.699997,80.856003,80.856003,0,39,61,42,58,45,62,38,55
11/08/2021,81.222,81.559998,81.120003,81.199997,81.199997,0,44,56,39,61,44,62,38,56
12/08/2021,81.353996,81.363998,80.949997,81.349998,81.349998,0,45,55,44,56,48,56,44,52
13/08/2021,81.043999,81.103996,80.870003,81.045998,81.045998,0,47,53,46,54,47,56,44,53
15/08/2021,#N/A,,,,,,46,54,47,53,47,54,46,53
16/08/2021,80.728996,80.728996,79.905998,80.737999,80.737999,0,61,39,45,55,61,56,44,39
17/08/2021,80.217003,80.217003,79.462997,80.192001,80.192001,0,59,41,61,39,61,44,56,39
18/08/2021,79.470001,79.716003,79.306999,79.471001,79.471001,0,62,38,59,41,65,41,59,35
19/08/2021,79.432999,79.536003,78.248001,79.424004,79.424004,0,60,40,62,38,63,44,56,37
20/08/2021,78.458,78.623001,77.907997,78.442001,78.442001,0,61,39,60,40,61,44,56,39
22/08/2021,#N/A,,,,,,60,40,61,39,61,40,60,39
23/08/2021,78.454002,79.134003,78.440002,78.379997,78.379997,0,63,37,61,39,66,39,61,34
24/08/2021,79.029999,79.737,79.013,79.029999,79.029999,0,60,40,63,37,66,42,58,34
25/08/2021,79.566002,79.991997,79.388374,79.532997,79.532997,0,55,45,59,41,60,45,55,40
26/08/2021,80.047997,80.086998,79.669998,80.024002,80.024002,0,41,59,55,45,55,59,41,45
27/08/2021,79.613998,80.315002,79.431999,79.656998,79.656998,0,43,57,41,59,47,60,40,53
29/08/2021,#N/A,,,,,,44,56,43,57,44,57,43,56
30/08/2021,80.362999,80.362999,79.970001,80.362999,80.362999,0,43,57,43,57,44,59,41,56
31/08/2021,80.153,80.638,80.059998,80.150002,80.150002,0,41,59,43,57,45,59,41,55
01/09/2021,80.551003,81.126999,80.5,80.531998,80.531998,0,43,57,42,58,45,60,40,55
02/09/2021,81.130997,81.510002,80.885002,81.096001,81.096001,0,38,62,43,57,45,63,37,55
03/09/2021,81.320999,82.021004,81.250999,81.333,81.333,0,33,67,38,62,42,67,33,58
05/09/2021,#N/A,,,,,,34,66,33,67,34,67,33,66
06/09/2021,81.702003,81.815002,81.523003,81.709,81.709,0,36,64,32,68,36,68,32,64
07/09/2021,81.639999,81.955002,81.290001,81.664001,81.664001,0,31,69,36,64,37,72,28,63
08/09/2021,81.472,81.641006,80.959999,81.466003,81.466003,0,25,75,31,69,31,75,25,69
09/09/2021,81.114998,81.192001,80.900002,81.134003,81.134003,0,28,72,26,74,30,74,26,70
10/09/2021,80.888,81.424004,80.757004,80.879997,80.879997,0,33,67,28,72,34,73,27,66
12/09/2021,#N/A,,,,,,34,66,33,67,34,67,33,66
13/09/2021,80.935997,81.120003,80.689003,80.950996,80.950996,0,40,60,35,65,40,66,34,60
14/09/2021,81.025002,81.139999,80.316002,81.017998,81.017998,0,43,57,40,60,43,61,39,57
15/09/2021,80.260002,80.344002,79.820999,80.281998,80.281998,0,46,54,42,58,46,59,41,54
16/09/2021,80.268997,80.359001,79.755997,80.300003,80.300003,0,44,56,46,54,47,56,44,53
17/09/2021,79.974998,80.498001,79.884003,79.986,79.986,0,49,51,43,57,49,57,43,51
19/09/2021,#N/A,,,,,,49,51,49,51,49,52,48,51
20/09/2021,79.898003,79.957001,79.040001,79.876999,79.876999,0,49,51,49,51,52,53,47,48
21/09/2021,79.427002,79.827003,78.862,79.445999,79.445999,0,50,50,49,51,51,54,46,49
22/09/2021,78.879997,79.610001,78.852997,78.873558,78.873558,0,47,53,49,51,53,53,47,47
23/09/2021,79.427002,80.508003,79.359001,79.428001,79.428001,0,46,54,47,53,51,55,45,49
24/09/2021,80.526001,80.761002,80.009003,80.499001,80.499001,0,53,47,47,53,53,53,47,47
26/09/2021,#N/A,,,,,,56,44,53,47,56,47,53,44
27/09/2021,80.443001,80.844002,80.410004,80.453003,80.453003,0,50,50,55,45,56,50,50,44
28/09/2021,80.776001,81.305,80.485001,80.785004,80.785004,0,42,58,50,50,51,60,40,49
29/09/2021,80.788002,80.925003,80.208,80.790001,80.790001,0,37,63,43,57,43,63,37,57
30/09/2021,80.334,80.890999,80.334,80.352997,80.352997,0,35,65,37,63,41,65,35,59
01/10/2021,80.567001,80.757004,79.915001,80.567001,80.567001,0,35,65,36,64,36,67,33,64
03/10/2021,#N/A,,,,,,39,61,35,65,39,65,35,61
04/10/2021,80.709999,81.169998,80.495003,80.707001,80.707001,0,44,56,39,61,44,62,38,56
05/10/2021,80.880997,81.306999,80.57,80.885002,80.885002,0,39,61,44,56,45,62,38,55
06/10/2021,81.261002,81.334999,80.575996,81.247002,81.247002,0,42,58,39,61,45,61,39,55
07/10/2021,81.128998,81.637001,81.016998,81.120003,81.120003,0,40,60,42,58,43,63,37,57
08/10/2021,81.697998,81.995003,81.556,81.694,81.694,0,34,66,40,60,40,66,34,60
10/10/2021,#N/A,,,,,,34,66,34,66,35,66,34,65
11/10/2021,81.887001,83.549004,81.887001,81.890999,81.890999,0,33,67,35,65,38,69,31,62
12/10/2021,83.334999,83.792999,83.021004,83.317001,83.317001,0,32,68,33,67,36,68,32,64
13/10/2021,83.261002,83.663002,83.125,83.260002,83.260002,0,30,70,33,67,35,71,29,65
14/10/2021,83.686996,84.394997,83.639999,83.629997,83.629997,0,32,68,31,69,33,70,30,67
15/10/2021,84.401001,84.908997,84.335999,84.370003,84.370003,0,27,73,32,68,32,73,27,68
17/10/2021,#N/A,,,,,,28,72,27,73,28,73,27,72
18/10/2021,84.860001,84.860001,84.277,84.878998,84.878998,0,26,74,26,74,26,79,21,74
19/10/2021,84.776001,85.486,84.709999,84.736,84.736,0,30,70,27,73,30,73,27,70
20/10/2021,85.610001,85.919998,85.489998,85.589996,85.589996,0,30,70,29,71,31,73,27,69
21/10/2021,85.976997,86.240997,85.115997,85.957001,85.957001,0,20,80,32,68,32,82,18,68
22/10/2021,84.983002,85.526001,84.681999,84.969002,84.969002,0,22,78,20,80,26,80,20,74
24/10/2021,#N/A,,,,,,22,78,22,78,22,79,21,78
25/10/2021,84.876999,85.299904,84.797218,84.889,84.889,0,24,76,22,78,24,80,20,76
26/10/2021,85.247002,85.913002,85.212997,85.227997,85.227997,0,30,70,26,74,31,74,26,69
27/10/2021,85.797997,86.051003,85.043999,85.782997,85.782997,0,25,75,29,71,29,76,24,71
28/10/2021,85.325996,85.602997,85.113998,85.322998,85.322998,0,26,74,26,74,28,74,26,72
29/10/2021,85.624001,85.861,85.331001,85.564003,85.564003,0,23,77,27,73,27,77,23,73
31/10/2021,#N/A,,,,,,24,76,23,77,24,77,23,76
01/11/2021,85.893997,86.046997,85.611,85.875999,85.875999,0,26,74,26,74,27,76,24,73
02/11/2021,85.809998,85.903999,84.519997,85.802002,85.802002,0,31,69,26,74,31,77,23,69
03/11/2021,84.742996,84.872002,84.505997,84.720001,84.720001,0,32,68,31,69,33,70,30,67
04/11/2021,85.206001,85.206001,83.903999,85.196999,85.196999,0,26,74,32,68,32,77,23,68
05/11/2021,84.300003,84.308998,83.800003,84.334,84.334,0,26,74,25,75,26,76,24,74
07/11/2021,#N/A,,,,,,26,74,26,74,26,74,26,74
08/11/2021,83.897675,84.167,83.850998,83.912003,83.912003,0,32,68,27,73,32,73,27,68
09/11/2021,83.968002,83.982002,83.132004,83.973,83.973,0,34,66,32,68,34,71,29,66
10/11/2021,83.283997,83.943001,83,83.278,83.278,0,33,67,33,67,34,70,30,66
11/11/2021,83.549004,83.649002,83.110001,83.531998,83.531998,0,38,62,33,67,38,68,32,62
12/11/2021,83.150002,83.445999,83.114998,83.144997,83.144997,0,38,62,38,62,40,62,38,60
14/11/2021,#N/A,,,,,,40,60,38,62,40,62,38,60
15/11/2021,83.575996,83.918999,83.410004,83.567001,83.567001,0,41,59,40,60,42,60,40,58
16/11/2021,83.833,84.155998,83.709,83.830002,83.830002,0,40,60,42,58,46,61,39,54
17/11/2021,83.888,83.905998,83.109001,83.891998,83.891998,0,35,65,40,60,41,66,34,59
18/11/2021,83.014999,83.246002,82.68,82.996002,82.996002,0,37,63,34,66,37,69,31,63
19/11/2021,83.171997,83.353996,82.160004,83.139999,83.139999,0,38,62,37,63,40,65,35,60
21/11/2021,#N/A,,,,,,37,63,37,63,37,63,37,63
22/11/2021,82.535004,83.179001,82.459,82.532997,82.532997,0,32,68,37,63,38,68,32,62
23/11/2021,82.973999,83.223,82.664001,82.961998,82.961998,0,34,66,32,68,34,71,29,66
24/11/2021,83.139999,83.227997,82.730003,83.153,83.153,0,38,62,35,65,38,66,34,62
25/11/2021,83.122002,83.191002,82.790001,83.111,83.111,0,34,66,38,62,38,66,34,62
26/11/2021,82.578003,82.578003,80.575996,82.542999,82.542999,0,50,50,36,64,50,65,35,50
28/11/2021,#N/A,,,,,,52,48,50,50,52,52,48,48
29/11/2021,81.195999,81.377998,80.683998,81.219002,81.219002,0,52,48,50,50,54,51,49,46
30/11/2021,81.330002,81.369003,80.184998,81.318001,81.318001,0,52,48,51,49,53,50,50,47
01/12/2021,80.720001,81.472,80.435997,80.725998,80.725998,0,57,43,52,48,57,51,49,43
02/12/2021,80.217003,80.541,79.919998,80.233002,80.233002,0,56,44,58,42,58,48,52,42
03/12/2021,80.094002,80.193001,79.120003,80.102997,80.102997,0,59,41,55,45,59,46,54,41
05/12/2021,#N/A,,,,,,61,39,59,41,61,41,59,39
06/12/2021,79.287003,79.968002,79.093002,79.322998,79.322998,0,52,48,60,40,61,48,52,39
07/12/2021,79.996002,80.916,79.839996,79.975998,79.975998,0,56,44,50,50,57,50,50,43
08/12/2021,80.840309,81.609001,80.676003,80.855003,80.855003,0,51,49,55,45,58,49,51,42
09/12/2021,81.5,81.660004,80.929001,81.495003,81.495003,0,48,52,52,48,53,56,44,47
10/12/2021,81.094002,81.530998,80.837997,81.063004,81.063004,0,50,50,47,53,51,54,46,49
12/12/2021,#N/A,,,,,,51,49,50,50,51,50,50,49
13/12/2021,81.333,81.488998,80.709999,81.328003,81.328003,0,44,56,51,49,52,56,44,48
14/12/2021,81.003998,81.148003,80.488998,80.970001,80.970001,0,43,57,44,56,46,57,43,54
15/12/2021,80.809998,81.394997,80.769997,80.801003,80.801003,0,53,47,43,57,53,57,43,47
16/12/2021,81.820999,82.427002,81.529999,81.797997,81.797997,0,52,48,54,46,56,48,52,44
17/12/2021,81.579002,81.731003,80.934998,81.552002,81.552002,0,54,46,52,48,55,49,51,45
19/12/2021,#N/A,,,,,,54,46,54,46,54,46,54,46
20/12/2021,80.835999,80.942001,80.285004,80.778999,80.778999,0,52,48,54,46,54,52,48,46
21/12/2021,80.825996,81.490997,80.649002,80.807999,80.807999,0,50,50,53,47,57,50,50,43
22/12/2021,81.495003,82.403999,81.239998,81.476997,81.476997,0,42,58,50,50,52,59,41,48
23/12/2021,82.310997,82.877998,82.129997,82.282997,82.282997,0,45,55,42,58,48,58,42,52
24/12/2021,82.767998,82.869003,82.480003,82.780998,82.780998,0,43,57,45,55,46,58,42,54
26/12/2021,#N/A,,,,,,44,56,43,57,44,57,43,56
27/12/2021,82.633003,83.195999,82.620003,82.663002,82.663002,0,42,58,44,56,45,58,42,55
28/12/2021,83.049004,83.429001,82.879997,83.057999,83.057999,0,41,59,42,58,47,61,39,53
29/12/2021,83,83.492996,82.799004,82.989998,82.989998,0,42,58,42,58,44,60,40,56
30/12/2021,83.43,83.747002,83.339996,83.432999,83.432999,0,40,60,43,57,45,60,40,55
31/12/2021,83.410004,83.738998,83.379997,83.412003,83.412003,0,37,63,40,60,42,63,37,58
02/01/2022,#N/A,,,,,,38,62,37,63,38,63,37,62
03/01/2022,83.676003,83.859001,82.853996,83.677002,83.677002,0,38,62,38,62,39,67,33,61
04/01/2022,82.992996,84.167999,82.941002,82.983002,82.983002,0,37,63,39,61,39,67,33,61
05/01/2022,84.112,84.207001,83.759003,84.094002,84.094002,0,37,63,37,63,43,65,35,57
06/01/2022,83.849998,83.876999,82.702003,83.848999,83.848999,0,40,60,36,64,40,69,31,60
07/01/2022,82.999001,83.218002,82.632004,82.987,82.987,0,38,62,41,59,42,64,36,58
09/01/2022,#N/A,,,,,,38,62,38,62,38,63,37,62
10/01/2022,82.987999,83.357002,82.343002,82.990997,82.990997,0,41,59,40,60,45,62,38,55
11/01/2022,82.789001,83.064003,82.581001,82.768997,82.768997,0,40,60,43,57,43,64,36,57
12/01/2022,83.139999,83.658997,82.974998,83.152,83.152,0,41,59,41,59,43,62,38,57
13/01/2022,83.502998,83.741997,83.175003,83.501999,83.501999,0,40,60,40,60,43,62,38,57
14/01/2022,83.069,83.096001,82.108002,83.091003,83.091003,0,42,58,36,64,42,64,36,58
16/01/2022,#N/A,,,,,,44,56,42,58,44,58,42,56
17/01/2022,82.475998,82.753998,82.349998,82.480003,82.480003,0,42,58,43,57,45,58,42,55
18/01/2022,82.624001,82.949997,82.210999,82.611,82.611,0,43,57,42,58,43,65,35,57
19/01/2022,82.360001,82.778,82.078003,82.332001,82.332001,0,39,61,44,56,45,61,39,55
20/01/2022,82.515999,82.960999,82.492996,82.508003,82.508003,0,38,62,40,60,42,63,37,58
21/01/2022,82.237,82.237,81.635002,82.260002,82.260002,0,42,58,39,61,44,61,39,56
23/01/2022,#N/A,,,,,,43,57,42,58,43,58,42,57
24/01/2022,81.758003,81.818001,80.741997,81.777,81.777,0,47,53,44,56,47,61,39,53
25/01/2022,81.577003,81.763,81.063004,81.567001,81.567001,0,46,54,48,52,48,57,43,52
26/01/2022,81.528,81.978996,81.366997,81.529999,81.529999,0,42,58,47,53,48,58,42,52
27/01/2022,81.695999,81.75,80.989998,81.692001,81.692001,0,48,52,44,56,49,59,41,51
28/01/2022,81.169998,81.331001,80.502998,81.147003,81.147003,0,51,49,49,51,51,54,46,49
30/01/2022,#N/A,,,,,,50,50,51,49,51,50,50,49
31/01/2022,80.594002,81.615997,80.569,80.635002,80.635002,0,44,56,51,49,52,58,42,48
01/02/2022,81.360001,81.669998,80.900002,81.369003,81.369003,0,50,50,45,55,51,57,43,49
02/02/2022,81.836998,81.961998,81.387001,81.842003,81.842003,0,45,55,49,51,49,58,42,51
03/02/2022,81.433998,82.278,81.379997,81.445999,81.445999,0,45,55,43,57,48,57,43,52
04/02/2022,82.110001,82.200996,81.304001,82.106003,82.106003,0,48,52,45,55,49,57,43,51
06/02/2022,#N/A,,,,,,49,51,48,52,49,52,48,51
07/02/2022,81.583,81.940002,81.417999,81.569,81.569,0,44,56,49,51,52,56,44,48
08/02/2022,82.014999,82.468002,81.998001,82.010002,82.010002,0,48,52,45,55,50,55,45,50
09/02/2022,82.560997,83.036003,82.453003,82.551003,82.551003,0,43,57,49,51,49,57,43,51
10/02/2022,82.960999,83.948997,82.709999,82.967003,82.967003,0,40,60,43,57,46,64,36,54
11/02/2022,83.107002,83.228996,82.528999,83.104935,83.104935,0,41,59,41,59,42,64,36,58
13/02/2022,#N/A,,,,,,43,57,41,59,43,59,41,57
14/02/2022,82.571999,82.571999,81.551003,82.573997,82.573997,0,41,59,42,58,44,62,38,56
15/02/2022,82.411003,82.720001,81.891998,82.399002,82.399002,0,46,54,42,58,46,62,38,54
16/02/2022,82.663002,83.125,82.625,82.635002,82.635002,0,40,60,47,53,49,60,40,51
17/02/2022,82.994003,83.330002,82.360001,83.013,83.013,0,40,60,41,59,43,62,38,57
18/02/2022,82.543999,83.290001,82.417999,82.567001,82.567001,0,40,60,41,59,41,62,38,59
20/02/2022,#N/A,,,,,,39,61,40,60,40,61,39,60
21/02/2022,82.442001,83.045998,82.361,82.440002,82.440002,0,38,62,39,61,41,64,36,59
22/02/2022,82.335999,83.176003,82.237999,82.335999,82.335999,0,35,65,37,63,38,67,33,62
23/02/2022,83.184998,83.810997,83.045998,83.179001,83.179001,0,30,70,35,65,40,70,30,60
24/02/2022,83.057999,83.057999,82.027,83.045998,83.045998,0,34,66,30,70,40,70,30,60
25/02/2022,82.728996,83.612999,82.480003,82.749001,82.749001,0,23,77,33,67,33,77,23,67
27/02/2022,#N/A,,,,,,23,77,23,77,23,77,23,77
28/02/2022,82.997002,83.685997,82.765999,83.049004,83.049004,0,26,74,33,67,33,76,24,67
01/03/2022,83.533997,83.858002,83.239998,83.538002,83.538002,0,27,73,27,73,28,75,25,72
02/03/2022,83.358002,84.223999,83.297997,83.361,83.361,0,25,75,27,73,30,75,25,70
03/03/2022,84.219002,84.926003,84.125,84.247002,84.247002,0,28,72,25,75,30,75,25,70
04/03/2022,84.712997,85.138,84.200996,84.718002,84.718002,0,25,75,30,70,30,75,25,70
06/03/2022,#N/A,,,,,,26,74,25,75,26,75,25,74
07/03/2022,84.949997,85.448997,84.469002,84.988998,84.988998,0,29,71,27,73,29,76,24,71
08/03/2022,84.554001,84.830002,83.816002,84.550003,84.550003,0,28,72,29,71,30,76,24,70
09/03/2022,84.141998,84.973999,84.13765,84.080002,84.080002,0,30,70,29,71,38,72,28,62
10/03/2022,84.834,85.476997,84.591003,84.806999,84.806999,0,29,71,31,69,33,73,27,67
11/03/2022,85.554001,85.870003,85.267998,85.575996,85.575996,0,22,78,30,70,30,78,22,70
13/03/2022,#N/A,,,,,,23,77,22,78,23,78,22,77
14/03/2022,85.720001,85.726997,85.230003,85.747002,85.747002,0,23,77,23,77,23,79,21,77
15/03/2022,85.099998,85.350998,84.601997,85.097,85.097,0,26,74,23,77,27,78,22,73
16/03/2022,85.065002,86.053001,85.014999,85.064003,85.064003,0,25,75,25,75,31,78,22,69
17/03/2022,86.664001,87.513,86.502998,86.639,86.639,0,22,78,25,75,27,78,22,73
18/03/2022,87.461998,88.350998,87.461998,87.454002,87.454002,0,21,79,23,77,25,79,21,75
20/03/2022,#N/A,,,,,,23,77,21,79,23,79,21,77
21/03/2022,88.365997,88.492996,87.834999,88.365997,88.365997,0,21,79,24,76,25,82,18,75
22/03/2022,88.427002,89.915001,88.402,88.445999,88.445999,0,21,79,22,78,26,79,21,74
23/03/2022,90.503998,90.766998,89.953003,90.541,90.541,0,20,80,23,77,24,81,19,76
24/03/2022,90.875,91.757004,90.547997,90.828003,90.828003,0,27,73,22,78,28,79,21,72
25/03/2022,91.887001,91.887001,91.080002,91.896004,91.896004,0,21,79,25,75,26,79,21,74
27/03/2022,#N/A,,,,,,23,77,21,79,23,79,21,77
28/03/2022,91.907997,94.286003,91.705002,91.907997,91.907997,0,30,70,24,76,31,79,21,69
29/03/2022,92.737,92.994003,91.469002,92.737,92.737,0,24,76,28,72,28,81,19,72
30/03/2022,92.523003,92.419998,91.138,92.523003,92.523003,0,19,81,23,77,23,82,18,77
31/03/2022,91.531998,91.931999,90.776001,91.531998,91.531998,0,16,84,19,81,20,85,15,80
01/04/2022,91.190002,92.314003,91.172997,91.190002,91.190002,0,22,78,16,84,25,84,16,75
03/04/2022,#N/A,,,,,,24,76,22,78,24,78,22,76
04/04/2022,91.782997,92.716003,91.592003,91.782997,91.782997,0,32,68,24,76,33,76,24,67
05/04/2022,92.620003,94.144997,92.300003,92.620003,92.620003,0,26,74,33,67,33,75,25,67
06/04/2022,93.796997,94.120003,93.226997,93.796997,93.796997,0,23,77,29,71,30,79,21,70
07/04/2022,92.850998,92.885002,92.411003,92.850998,92.850998,0,26,74,23,77,26,79,21,74
08/04/2022,92.795998,92.891998,92.468002,92.809998,92.809998,0,26,74,28,72,28,75,25,72
10/04/2022,#N/A,,,,,,24,76,26,74,26,76,24,74
11/04/2022,92.614998,93.598,92.519997,92.614998,92.614998,0,33,67,24,76,35,76,24,65
12/04/2022,93.031998,93.799004,92.857002,93.031998,93.031998,0,32,68,32,68,38,70,30,62
13/04/2022,93.477997,93.850998,93.030998,93.477997,93.477997,0,28,72,32,68,33,75,25,67
14/04/2022,93.418999,93.653999,93.141998,93.418999,93.418999,0,27,73,29,71,29,75,25,71
15/04/2022,93.471001,93.763,93.388,93.471001,93.471001,0,26,74,27,73,28,74,26,72
17/04/2022,#N/A,,,,,,27,73,26,74,27,74,26,73
18/04/2022,93.607002,93.690002,93.080002,93.607002,93.607002,0,29,71,26,74,29,75,25,71
19/04/2022,93.507004,95.008003,93.480003,93.507004,93.507004,0,35,65,29,71,35,73,27,65
20/04/2022,95.620003,95.730003,94.767998,95.620003,95.620003,0,33,67,36,64,37,68,32,63
21/04/2022,95.296997,95.583,94.809998,95.296997,95.296997,0,32,68,33,67,34,69,31,66
22/04/2022,94.514,94.704002,93.050003,94.514,94.514,0,30,70,32,68,32,71,29,68
24/04/2022,#N/A,,,,,,31,69,30,70,31,70,30,69
25/04/2022,93.035004,93.012001,91.099998,93.035004,93.035004,0,28,72,28,72,29,75,25,71
26/04/2022,91.697998,92.581001,90.917,91.697998,91.697998,0,32,68,29,71,35,71,29,65
27/04/2022,90.901001,91.970001,90.809998,90.901001,90.901001,0,32,68,31,69,35,70,30,65
28/04/2022,91.481003,93.489998,91.330002,91.481003,91.481003,0,34,66,33,67,37,68,32,63
29/04/2022,92.959999,93.427002,91.975998,92.959999,92.959999,0,28,72,36,64,39,73,27,61
01/05/2022,#N/A,,,,,,30,70,28,72,30,72,28,70
02/05/2022,91.848999,92,91.510002,91.848999,91.848999,0,29,71,29,71,31,72,28,69
03/05/2022,91.713997,92.850998,91.75,91.713997,91.713997,0,41,59,32,68,41,68,32,59
04/05/2022,92.414001,92.891998,92.269997,92.414001,92.414001,0,36,64,40,60,42,65,35,58
05/05/2022,93.722,93.761002,92.453003,93.722,93.722,0,35,65,35,65,38,67,33,62
06/05/2022,92.793999,92.970001,92.060997,92.793999,92.793999,0,32,68,36,64,38,70,30,62
08/05/2022,#N/A,,,,,,32,68,32,68,32,68,32,68
09/05/2022,92.103996,92.128998,90.714996,92.103996,92.103996,0,32,68,31,69,33,72,28,67
10/05/2022,90.702003,91.130997,89.790001,90.702003,90.702003,0,29,71,28,72,32,73,27,68
11/05/2022,90.387001,91.741997,90.331001,90.387001,90.387001,0,32,68,29,71,36,71,29,64
12/05/2022,89.935997,90.277,87.344002,89.935997,89.935997,0,34,66,29,71,34,72,28,66
13/05/2022,88.358002,89.584,88.194,88.358002,88.358002,0,34,66,39,61,39,66,34,61
15/05/2022,#N/A,,,,,,36,64,34,66,36,67,33,64
16/05/2022,89.893997,90.115997,88.514,89.893997,89.893997,0,31,69,37,63,37,72,28,63
17/05/2022,89.886002,91.156998,89.877998,89.886002,89.886002,0,37,63,32,68,37,69,31,63
18/05/2022,91,91.153999,89.600998,91,91,0,30,70,37,63,37,72,28,63
19/05/2022,89.008003,90.523003,89.051003,89.008003,89.008003,0,31,69,30,70,31,73,27,69
20/05/2022,90.009003,90.68,89.379997,90.009003,90.009003,0,31,69,30,70,34,73,27,66
22/05/2022,#N/A,,,,,,32,68,31,69,32,70,30,68
23/05/2022,90.325996,91.001999,90.073997,90.325996,90.325996,0,33,67,32,68,34,70,30,66
24/05/2022,90.625,90.709,89.277,90.625,90.625,0,30,70,32,68,33,72,28,67
25/05/2022,90.040001,90.487999,89.306999,90.040001,90.040001,0,31,69,30,70,31,72,28,69
26/05/2022,90.139999,90.619003,89.646004,90.139999,90.139999,0,33,67,31,69,33,72,28,67
27/05/2022,90.179001,90.971001,90.040001,90.179001,90.179001,0,28,72,33,67,33,73,27,67
29/05/2022,#N/A,,,,,,30,70,28,72,30,72,28,70
30/05/2022,91.129997,91.842003,90.958,91.129997,91.129997,0,38,62,31,69,38,69,31,62
31/05/2022,91.93,92.408997,91.605003,91.93,91.93,0,37,63,38,62,38,66,34,62
01/06/2022,92.457001,93.565002,92.424004,92.457001,92.457001,0,35,65,38,62,41,66,34,59
02/06/2022,93.334,94.207001,92.844002,93.334,93.334,0,36,64,33,67,37,68,32,63
03/06/2022,94.396004,94.550003,94.115997,94.396004,94.396004,0,31,69,35,65,35,69,31,65
05/06/2022,#N/A,,,,,,31,69,31,69,31,69,31,69
06/06/2022,94.169998,94.836998,93.802002,94.169998,94.169998,0,35,65,29,71,37,74,26,63
07/06/2022,95.009003,96.002998,94.824997,95.009003,95.009003,0,32,68,35,65,36,70,30,64
08/06/2022,95.914001,96.862,95.742996,95.914001,95.914001,0,34,66,32,68,34,70,30,66
09/06/2022,96.598999,96.694,95.306,96.598999,96.598999,0,25,75,33,67,33,75,25,67
10/06/2022,95.379997,95.527,94.352997,95.379997,95.379997,0,21,79,22,78,27,81,19,73
12/06/2022,#N/A,,,,,,21,79,21,79,21,79,21,79
13/06/2022,94.606003,94.916,92.639,94.606003,94.606003,0,20,80,22,78,26,82,18,74
14/06/2022,93.171997,93.875,92.427002,93.171997,93.171997,0,25,75,19,81,25,83,17,75
15/06/2022,93.189003,93.599998,92.940002,93.189003,93.189003,0,33,67,26,74,33,75,25,67
16/06/2022,94.088997,94.535004,91.994003,94.088997,94.088997,0,33,67,37,63,38,73,27,62
17/06/2022,93.232002,94.508003,92.882004,93.232002,93.232002,0,31,69,32,68,35,72,28,65
19/06/2022,#N/A,,,,,,33,67,31,69,33,69,31,67
20/06/2022,94.033997,94.348,93.403,94.033997,94.033997,0,35,65,33,67,35,69,31,65
21/06/2022,94.139,95.209999,93.857002,94.139,94.139,0,40,60,36,64,45,64,36,55
22/06/2022,94.856003,94.899002,93.615997,94.856003,94.856003,0,37,63,40,60,40,68,32,60
23/06/2022,93.918999,94.150002,92.861,93.918999,93.918999,0,29,71,37,63,37,72,28,63
24/06/2022,93.079002,93.994003,92.801003,93.079002,93.079002,0,30,70,30,70,32,74,26,68
26/06/2022,#N/A,,,,,,31,69,30,70,31,70,30,69
27/06/2022,93.768997,93.934998,93.004997,93.768997,93.768997,0,28,72,29,71,31,72,28,69
28/06/2022,93.748001,94.668999,93.481003,93.748001,93.748001,0,33,67,31,69,33,72,28,67
29/06/2022,93.929001,94.268997,93.478996,93.929001,93.929001,0,32,68,33,67,35,68,32,65
30/06/2022,93.963997,94.271004,93.349998,93.963997,93.963997,0,34,66,32,68,34,71,29,66
01/07/2022,93.657997,93.779999,91.420998,93.657997,93.657997,0,32,68,35,65,38,69,31,62
03/07/2022,#N/A,,,,,,33,67,32,68,33,68,32,67
04/07/2022,92.032997,93.275002,91.600998,92.032997,92.032997,0,35,65,33,67,36,69,31,64
05/07/2022,93.363998,93.971001,91.739998,93.363998,93.363998,0,33,67,35,65,35,71,29,65
06/07/2022,92.049004,92.499001,91.541,92.049004,92.049004,0,33,67,34,66,35,68,32,65
07/07/2022,92.232002,93.124001,91.907997,92.232002,92.232002,0,33,67,33,67,41,67,33,59
08/07/2022,93.064003,93.469002,92.345001,93.064003,93.064003,0,32,68,34,66,35,69,31,65
10/07/2022,#N/A,,,,,,36,64,32,68,36,68,32,64
11/07/2022,93.279999,93.671997,92.314003,93.279999,93.279999,0,34,66,35,65,36,70,30,64
12/07/2022,92.635002,92.639999,91.962997,92.635002,92.635002,0,31,69,32,68,32,71,29,68
13/07/2022,92.246002,93.362,92.246002,92.246002,92.246002,0,32,68,32,68,37,68,32,63
14/07/2022,92.651001,94.236,92.670998,92.651001,92.651001,0,39,61,33,67,39,69,31,61
15/07/2022,93.861,94.25,93.188004,93.861,93.861,0,36,64,38,62,39,65,35,61
17/07/2022,#N/A,,,,,,39,61,36,64,39,64,36,61
18/07/2022,94.223,94.625999,93.946999,94.223,94.223,0,41,59,38,62,44,62,38,56
19/07/2022,94.127998,95.222,94.004997,94.127998,94.127998,0,36,64,41,59,42,64,36,58
20/07/2022,95.306,95.746002,95.077003,95.306,95.306,0,35,65,37,63,38,67,33,62
21/07/2022,95.311996,95.584,95.004997,95.311996,95.311996,0,31,69,36,64,38,69,31,62
22/07/2022,94.906998,95.373001,94.495003,94.906998,94.906998,0,29,71,31,69,31,73,27,69
24/07/2022,#N/A,,,,,,29,71,29,71,29,72,28,71
25/07/2022,94.099998,95.167999,93.916,94.099998,94.099998,0,25,75,29,71,32,75,25,68
26/07/2022,94.824997,95.264999,94.572998,94.824997,94.824997,0,32,68,26,74,32,74,26,68
27/07/2022,95.150002,95.32,94.758003,95.150002,95.150002,0,30,70,32,68,33,70,30,67
28/07/2022,95.199997,95.308998,93.623001,95.199997,95.199997,0,33,67,31,69,33,71,29,67
29/07/2022,94.042999,94.247002,92.887001,94.042999,94.042999,0,29,71,32,68,32,73,27,68
31/07/2022,#N/A,,,,,,31,69,29,71,31,71,29,69
01/08/2022,92.990997,93.306,92.313004,92.990997,92.990997,0,34,66,29,71,34,71,29,66
02/08/2022,92.408997,92.370003,90.533997,92.408997,92.408997,0,35,65,32,68,39,68,32,61
03/08/2022,91.903,92.992996,91.750999,91.903,91.903,0,34,66,37,63,39,67,33,61
04/08/2022,92.93,93.797997,92.539001,92.93,92.93,0,32,68,33,67,38,68,32,62
05/08/2022,92.290001,93.605003,92.280998,92.290001,92.290001,0,28,72,32,68,36,72,28,64
07/08/2022,#N/A,,,,,,29,71,28,72,29,72,28,71
08/08/2022,93.213997,94.388,93.223953,93.213997,93.213997,0,31,69,31,69,37,70,30,63
09/08/2022,94.217003,94.383003,93.908997,94.217003,94.217003,0,30,70,30,70,31,72,28,69
10/08/2022,94.018578,94.165001,93.582001,94.018578,94.018578,0,34,66,29,71,34,72,28,66
11/08/2022,94.080002,94.501999,93.869003,94.080002,94.080002,0,36,64,34,66,37,68,32,63
12/08/2022,94.457001,95.003998,94.459999,94.457001,94.457001,0,28,72,37,63,37,72,28,63
14/08/2022,#N/A,,,,,,29,71,28,72,29,72,28,71
15/08/2022,94.848,94.928001,93.073997,94.848,94.848,0,27,73,29,71,31,75,25,69
16/08/2022,93.460999,94.462997,93.089996,93.460999,93.460999,0,25,75,27,73,30,76,24,70
17/08/2022,94.258766,94.362,93.566002,94.258766,94.258766,0,27,73,26,74,27,78,22,73
18/08/2022,93.517998,94.179001,93.379997,93.517998,93.517998,0,25,75,26,74,27,76,24,73
19/08/2022,93.846001,94.522003,93.862,93.846001,93.846001,0,22,78,26,74,27,78,22,73
21/08/2022,#N/A,,,,,,23,77,22,78,23,78,22,77
22/08/2022,94.235001,94.828003,94.151001,94.235001,94.235001,0,27,73,25,75,28,76,24,72
23/08/2022,94.624001,94.806,94.105003,94.624001,94.624001,0,26,74,27,73,28,76,24,72
24/08/2022,94.610001,94.732002,94.202003,94.610001,94.610001,0,27,73,27,73,29,73,27,71
25/08/2022,94.675003,95.431999,94.676003,94.675003,94.675003,0,26,74,28,72,28,74,26,72
26/08/2022,95.099998,95.705002,94.828003,95.099998,95.099998,0,23,77,26,74,28,77,23,72
28/08/2022,#N/A,,,,,,25,75,23,77,25,77,23,75
29/08/2022,94.860001,95.866997,94.823997,94.860001,94.860001,0,24,76,24,76,26,77,23,74
30/08/2022,95.727997,96.184998,95.259003,95.727997,95.727997,0,29,71,24,76,29,77,23,71
31/08/2022,95.130997,95.569,94.907997,95.130997,95.130997,0,30,70,30,70,33,70,30,67
01/09/2022,95.108002,95.316002,94.783997,95.108002,95.108002,0,29,71,30,70,32,73,27,68
02/09/2022,95.184998,96.025002,95.030998,95.184998,95.184998,0,25,75,29,71,33,75,25,67
04/09/2022,#N/A,,,,,,26,74,25,75,26,76,24,74
05/09/2022,95.385002,95.587997,95.042,95.385002,95.385002,0,37,63,26,74,37,74,26,63
06/09/2022,95.648003,96.481003,95.553001,95.648003,95.648003,0,30,70,37,63,37,70,30,63
07/09/2022,96.335999,97.333,96.013,96.335999,96.335999,0,34,66,30,70,35,71,29,65
08/09/2022,97.299004,97.448997,96.663002,97.299004,97.299004,0,31,69,33,67,33,72,28,67
09/09/2022,97.320999,97.900002,97.065002,97.320999,97.320999,0,27,73,31,69,32,73,27,68
11/09/2022,#N/A,,,,,,27,73,27,73,27,73,27,73
12/09/2022,97.615997,98.357002,97.435997,97.615997,97.615997,0,30,70,28,72,32,72,28,68
13/09/2022,98.287003,98.431,97.544998,98.287003,98.287003,0,29,71,30,70,33,73,27,67
14/09/2022,97.362,97.532997,95.991997,97.362,97.362,0,32,68,28,72,32,76,24,68
15/09/2022,96.496002,97.124001,96.169998,96.496002,96.496002,0,28,72,30,70,35,73,27,65
16/09/2022,95.865997,96.410004,95.550003,95.865997,95.865997,0,28,72,27,73,30,74,26,70
18/09/2022,#N/A,,,,,,30,70,28,72,30,72,28,70
19/09/2022,96.012001,96.164001,95.719002,96.012001,96.012001,0,36,64,30,70,36,71,29,64
20/09/2022,96.389,96.549004,96.031998,96.389,96.389,0,35,65,36,64,38,66,34,62
21/09/2022,96.110001,96.247002,95.526001,96.110001,96.110001,0,29,71,35,65,36,71,29,64
22/09/2022,95.391998,96.378998,93.570999,95.391998,95.391998,0,29,71,28,72,32,74,26,68
23/09/2022,94.549004,94.671997,93.602997,94.549004,94.549004,0,30,70,29,71,30,73,27,70
25/09/2022,#N/A,,,,,,32,68,30,70,32,70,30,68
26/09/2022,93.713997,94.004997,93.283997,93.713997,93.713997,0,34,66,34,66,37,67,33,63
27/09/2022,93.5,93.958,93.25,93.5,93.5,0,34,66,35,65,37,67,33,63
28/09/2022,93.102997,93.875999,92.128998,93.102997,93.102997,0,35,65,34,66,35,70,30,65
29/09/2022,93.917999,94.023003,93.126999,93.917999,93.917999,0,36,64,36,64,37,66,34,63
30/09/2022,94.005997,94.206001,93.025002,94.005997,94.005997,0,38,62,38,62,41,65,35,59
02/10/2022,#N/A,,,,,,39,61,38,62,39,62,38,61
03/10/2022,92.957001,94.084,92.836998,92.957001,92.957001,0,37,63,39,61,41,63,37,59
04/10/2022,93.956001,94.665001,93.432999,93.956001,93.956001,0,38,62,37,63,42,64,36,58
05/10/2022,93.654999,94.013,92.932999,93.654999,93.654999,0,39,61,38,62,40,63,37,60
06/10/2022,94.059998,94.522003,92.648003,94.059998,94.059998,0,40,60,41,59,41,64,36,59
07/10/2022,93.026001,93.221001,92.561996,93.026001,93.026001,0,39,61,40,60,42,61,39,58
09/10/2022,#N/A,,,,,,39,61,39,61,39,61,39,61
10/10/2022,92.5,92.75,91.497002,92.5,92.5,0,41,59,39,61,41,61,39,59
11/10/2022,91.690002,92.117996,91.084,91.690002,91.690002,0,41,59,41,59,42,63,37,58
12/10/2022,91.397003,92.185997,91.293999,91.397003,91.397003,0,40,60,41,59,44,61,39,56
13/10/2022,92.102997,92.459999,90.961998,92.102997,92.102997,0,45,55,40,60,45,60,40,55
14/10/2022,92.759003,93.542,92.262001,92.759003,92.759003,0,42,58,45,55,45,59,41,55
16/10/2022,#N/A,,,,,,42,58,42,58,42,59,41,58
17/10/2022,92.476997,93.855003,92.277,92.476997,92.476997,0,39,61,43,57,45,63,37,55
18/10/2022,93.810997,94.394997,93.169998,93.810997,93.810997,0,39,61,39,61,42,62,38,58
19/10/2022,94.247002,94.385002,93.900002,94.247002,94.247002,0,37,63,38,62,40,63,37,60
20/10/2022,93.834,95.129997,93.379997,93.834,93.834,0,39,61,38,62,40,67,33,60
21/10/2022,94.223,95.723,93.127998,94.223,94.223,0,35,65,39,61,45,67,33,55
23/10/2022,#N/A,,,,,,36,64,35,65,36,65,35,64
24/10/2022,94.18,94.797997,93.595001,94.18,94.18,0,36,64,34,66,37,67,33,63
25/10/2022,94.234001,94.652,93.876999,94.234001,94.234001,0,34,66,37,63,38,67,33,62
